comp,key_id,tier,n_trans,n_scored,first_v,last_v,best,source_frac,rank,author_username
amex-default-prediction,29588171,Master,41,19,1,42,0.799875413296371,1.0,1,swimmy
amex-default-prediction,28834369,Grandmaster,9,9,1,10,0.7998170054826534,1.0,2,thedevastator
amex-default-prediction,27389424,Grandmaster,133,23,1,134,0.7967700739961137,1.0,3,lucasmorin
amex-default-prediction,27836972,Expert,72,14,1,73,0.7963749083657659,1.0,4,kdafke123141
amex-default-prediction,28984551,Contributor,12,7,1,13,0.7960036637078116,1.0,5,hongyishao
amex-default-prediction,27502740,Grandmaster,9,6,1,10,0.7958790125488855,1.0,6,alexryzhkov
amex-default-prediction,27799930,Contributor,78,11,1,79,0.7947514570390423,1.0,7,canonicalized
amex-default-prediction,27825577,Expert,24,8,1,25,0.7942452756792064,1.0,8,sietseschrder
amex-default-prediction,28093671,Contributor,43,10,1,44,0.7936149471650322,1.0,9,delight669
amex-default-prediction,27656049,Expert,26,13,1,27,0.792605964350816,1.0,10,ishaan45
commonlitreadabilityprize,17616127,Contributor,144,88,1,145,0.4477608346016457,1.0,1,mathislucka
commonlitreadabilityprize,18550705,Master,12,12,1,13,0.4528400604000352,1.0,2,shinomoriaoshi
commonlitreadabilityprize,18523075,Expert,16,15,1,17,0.4550687184017662,1.0,3,gilfernandes
commonlitreadabilityprize,18426209,Expert,10,8,1,11,0.45657823774717965,1.0,4,stellaris98
commonlitreadabilityprize,18837555,Expert,15,9,1,16,0.45674639301718656,1.0,5,arkqaq
commonlitreadabilityprize,18851026,Master,31,19,1,32,0.45773221285320065,1.0,6,takeshikobayashi
commonlitreadabilityprize,18423958,Master,25,19,1,26,0.45874540355396,1.0,7,vineethakkinapalli
commonlitreadabilityprize,18350823,Expert,37,31,1,38,0.4590383395540141,1.0,8,rajat95gupta
commonlitreadabilityprize,18757376,Expert,9,7,1,10,0.46093726178905936,1.0,9,konumaru
commonlitreadabilityprize,17371717,Master,35,34,1,36,0.46113594036399624,1.0,10,shinomoriaoshi
equity-post-hct-survival-predictions,77450317,Grandmaster,29,16,1,30,0.6970224703262452,1.0,1,churkinnikita
equity-post-hct-survival-predictions,77129691,Master,27,20,1,28,0.6960156770139512,1.0,2,ukrainskiydv
equity-post-hct-survival-predictions,75584724,Master,15,9,1,16,0.694534737933851,1.0,3,ravaghi
equity-post-hct-survival-predictions,73671444,Grandmaster,29,25,1,30,0.6944431482648666,1.0,4,gunesevitan
equity-post-hct-survival-predictions,77347591,Expert,30,28,1,31,0.6941564720334873,1.0,5,jiahaopengx
equity-post-hct-survival-predictions,75924487,Master,12,8,1,13,0.6940835045489051,1.0,6,ravaghi
equity-post-hct-survival-predictions,75145694,Expert,66,53,1,67,0.6935763628862803,1.0,7,jaytonde
equity-post-hct-survival-predictions,77386286,Expert,11,6,1,12,0.6934805967702722,0.9166666666666666,8,frankzfchen
equity-post-hct-survival-predictions,77276039,Expert,23,6,1,24,0.6933035150166689,1.0,9,adamlogman
equity-post-hct-survival-predictions,73937748,Master,66,51,1,67,0.6932098946079178,1.0,10,ravaghi
google-quest-challenge,7823861,,30,18,1,31,0.4609655477657419,1.0,1,
google-quest-challenge,7018718,Expert,51,36,1,52,0.4397945463097639,1.0,2,alexeykarnachev
google-quest-challenge,7548275,Expert,28,13,1,29,0.42963104770187727,1.0,3,bluexleoxgreen
google-quest-challenge,7613444,Contributor,14,5,1,15,0.40047468439545586,1.0,4,vinaydoshi
google-quest-challenge,7670859,Contributor,34,11,1,35,0.3935845494089829,1.0,5,nizamuddin
google-quest-challenge,7573212,Contributor,12,8,1,13,0.39070725873092405,1.0,6,daigohirooka
google-quest-challenge,6803050,Master,60,35,1,61,0.3900780580517222,1.0,7,lhohoz
google-quest-challenge,7606235,Master,22,12,1,23,0.38870785704175675,1.0,8,nxrprime
google-quest-challenge,7240226,Contributor,9,4,1,10,0.3869689064164034,1.0,9,tangchengshun
google-quest-challenge,7253130,Contributor,11,6,1,12,0.38609780714950814,1.0,10,tangchengshun
hms-harmful-brain-activity-classification,50496431,Grandmaster,230,206,1,231,0.22428026339237253,1.0,1,cooolz
hms-harmful-brain-activity-classification,53747598,Master,33,7,1,34,0.22587082946473233,1.0,2,asaliquid1011
hms-harmful-brain-activity-classification,53424936,Master,33,24,1,34,0.2260003153920655,1.0,3,quan0095
hms-harmful-brain-activity-classification,50376011,Grandmaster,255,242,1,256,0.22607533921500508,1.0,4,goldenlock
hms-harmful-brain-activity-classification,49524919,Grandmaster,169,135,1,170,0.22779776660108159,1.0,5,gunesevitan
hms-harmful-brain-activity-classification,49576186,Expert,184,83,1,185,0.2555527313566917,1.0,6,sunyuri
hms-harmful-brain-activity-classification,52860091,Grandmaster,51,29,1,52,0.2560559987111076,1.0,7,tezdhar
hms-harmful-brain-activity-classification,52551258,Expert,25,25,1,26,0.2813704338452468,1.0,8,ryanirl
hms-harmful-brain-activity-classification,53762022,Contributor,16,11,1,17,0.2843831475602835,1.0,9,yezhiheng
hms-harmful-brain-activity-classification,52200959,Master,37,21,1,38,0.3220859745919783,1.0,10,minhsienweng
learning-agency-lab-automated-essay-scoring-2,60264017,Master,14,10,1,15,0.8318387645314407,1.0,1,syhens
learning-agency-lab-automated-essay-scoring-2,55621328,Master,145,98,1,146,0.8299397207172184,1.0,2,syhens
learning-agency-lab-automated-essay-scoring-2,55431616,Grandmaster,30,6,1,31,0.8243332290810368,0.967741935483871,3,batprem
learning-agency-lab-automated-essay-scoring-2,59253662,Contributor,38,15,1,39,0.8243332290810368,1.0,4,shan007007
learning-agency-lab-automated-essay-scoring-2,60759531,Expert,19,19,1,20,0.8243332290810368,1.0,5,lenferdetroud
learning-agency-lab-automated-essay-scoring-2,58130512,Master,131,78,1,132,0.8243193966282332,1.0,6,ryenhails
learning-agency-lab-automated-essay-scoring-2,58527792,Contributor,13,3,1,14,0.8221351861676618,1.0,7,nguynminh444
learning-agency-lab-automated-essay-scoring-2,60197293,Expert,132,24,1,133,0.8215343655204472,1.0,8,tingyu516
learning-agency-lab-automated-essay-scoring-2,55987255,Master,191,39,1,192,0.8211236755235225,1.0,9,stefanoclss
learning-agency-lab-automated-essay-scoring-2,55591012,Grandmaster,54,32,1,55,0.8209435293067779,1.0,10,batprem
ranzcr-clip-catheter-line-classification,15082684,Master,32,21,1,33,0.969038005563134,1.0,1,syxuming
ranzcr-clip-catheter-line-classification,15372370,Expert,13,10,1,14,0.9688332186565073,1.0,2,rsinda
ranzcr-clip-catheter-line-classification,15164527,Expert,47,39,1,48,0.9683852097341787,1.0,3,kanruwang
ranzcr-clip-catheter-line-classification,15203842,Grandmaster,13,4,1,14,0.9677209972010101,1.0,4,roydatascience
ranzcr-clip-catheter-line-classification,13848868,Grandmaster,40,38,1,41,0.9647006343070319,1.0,5,ttahara
ranzcr-clip-catheter-line-classification,15173072,Contributor,27,18,1,28,0.964622158950709,1.0,6,archanabenur
ranzcr-clip-catheter-line-classification,13521245,Grandmaster,13,11,1,14,0.9570534586857992,1.0,7,xhlulu
ranzcr-clip-catheter-line-classification,13702907,Contributor,24,18,1,25,0.9542822849751567,1.0,8,ameya98
ranzcr-clip-catheter-line-classification,13577502,Expert,11,9,1,12,0.9532351662251842,1.0,9,sinamhd9
ranzcr-clip-catheter-line-classification,13542132,Master,13,12,1,14,0.9515964667270557,1.0,10,maksymshkliarevskyi
